{"N": 750, "y": [9.415425926497278, 8.985410633681681, 9.162825713356256, 8.777291253749354, 9.314885959070239, 9.390995559141857, 8.977618822432532, 9.014576064430344, 9.043611159075567, 8.86910830978286, 8.960426109344326, 9.535258581114022, 9.338589229402373, 9.045094429517576, 9.099310015303786, 9.21168422101698, 9.38348566540924, 8.960864388675304, 9.227161494520374, 9.287341759365404, 9.414312613654488, 9.52549857607653, 8.605524355820194, 9.158243545035248, 8.952020665852729, 9.155999207640207, 9.002506772627044, 9.48704898279891, 8.799123073913165, 8.864243441023063, 9.065714171514742, 8.466395134766913, 8.696520920937246, 8.494386460486453, 8.714795975564357, 8.86503460842664, 8.684662477747452, 8.680729035594595, 8.701859585857619, 8.391226795796001, 8.30301779976378, 8.412358243419135, 7.905321553922249, 8.237968714641283, 8.317867091304265, 8.013424523513436, 7.432118865744428, 7.755170700841859, 7.2637501020786885, 8.679577055009986, 7.569257068920365, 7.8279522977409215, 7.588452109875902, 7.420021616446547, 7.502241269816977, 7.411932982152848, 7.57957412194321, 7.146746656747382, 7.560297276715005, 6.582012717977705, 5.853397846055714, 6.9773767908147875, 6.171591888444368, 6.322734363060363, 6.826574820318001, 6.6796146438802, 6.254096493535258, 6.080851193051558, 7.19131917541597, 7.112626464730511, 6.894742584712731, 6.837645579770879, 6.735304269096787, 6.537759712372349, 6.6109830869465895, 6.543792456073902, 5.929950324332026, 6.188737922328414, 5.890447345883899, 5.7120357815996385, 6.364281359451184, 6.227317312922878, 6.104547630062257, 6.249748927288692, 6.299004413340413, 6.657132517499576, 6.582756447839188, 6.158031391120858, 6.269552942035375, 6.187618700712505, 6.14126745353326, 5.713033245708061, 5.698442592669608, 6.19998337920606, 6.739614642736001, 6.489508177636367, 6.152167579161528, 6.432743121791191, 6.423301783630336, 6.556155794643701, 63.09967645545919, 64.62576122947951, 83.22304873335713, 114.95971221249613, 131.42891102338342, 150.92655928123918, 158.4148168464019, 276.8788423461997, 453.25374116484795, 371.50092030508654, 44.385793507971925, 8.613864206842663, 8.459240323242511, 9.719554605836493, 10.998919646935406, 10.49931953907469, 10.47541151226062, 6.192239602087852, 5.743197450350522, 6.336824781348014, 5.815124629396564, 6.627459913999019, 6.175375421667695, 5.7281817100951, 6.119490127074641, 5.801330468854417, 5.210554364068457, 5.773638531592155, 5.063211557320301, 5.5994336305361685, 5.799749204292198, 6.051540564280572, 5.774005375655406, 6.143761249483418, 5.7185377994213695, 5.681365536635099, 5.70289842285149, 5.980278945696227, 5.481332250483888, 6.159411185319186, 5.818539718260126, 5.919591758189881, 5.6910615701061715, 5.55647679424294, 5.216039467591713, 5.2016738738388995, 5.216981545743579, 5.241222713091815, 5.742430382671955, 5.614183016987909, 5.1860409107622445, 4.807077015685536, 5.198309651081786, 5.141945791448279, 5.201460154229267, 4.938499830968453, 4.740967183567136, 4.8143461994293375, 4.500084787139258, 4.5714881594389, 4.726600662408259, 4.594750047986736, 4.548742632732228, 4.790445850651736, 5.003229401163026, 5.251041836335162, 4.878165439377085, 4.7665117700918245, 4.253381625580687, 4.69778737706838, 5.179835838058466, 4.983741608843957, 4.558130215909273, 4.191969923552392, 4.834407221043762, 4.965333873043619, 4.91317632894129, 4.585643833468339, 4.9694684126569655, 5.508025659238228, 5.432445849412147, 5.134442970857435, 4.787896014290368, 4.755734999779634, 5.2292939660917455, 4.768450567455716, 4.94405475255121, 5.207874062694032, 4.552105471068785, 5.21587493396396, 4.697203484538136, 4.785366588771694, 5.0748599865144115, 5.531979210316194, 5.1330716911700165, 5.216555899729769, 5.372216772930415, 4.953928247055501, 5.153382556251245, 5.846601752834545, 9.441860181607694, 6.636783937067094, 5.624076101991477, 6.876917594813335, 9.861541445018247, 9.240820944834809, 6.922008541775085, 6.117080597959671, 6.223444038803223, 6.866317718148707, 6.8150586084420866, 7.280233439102062, 6.205691327212662, 6.263015376132785, 6.465346891502463, 6.689157504008108, 7.497508490971768, 9.544752062420685, 11.131019178513725, 8.780224516884914, 5.958753891663491, 8.639052087408459, 10.743026526131757, 11.484171564317876, 11.445366981254438, 10.740735878501937, 11.290540165319499, 10.795275467849478, 11.301925733147641, 9.595588417982754, 7.566577017811142, 6.826854916555703, 7.089261110736629, 6.587347062007211, 6.578327455042654, 7.544573307520295, 7.3371937784384045, 6.501938019287422, 6.730379954768637, 6.940615275733762, 6.5434878921338395, 7.27950896559787, 6.572291316830501, 6.565335882570139, 6.270866886718068, 6.515573175404256, 7.032352596262854, 6.3527060202706025, 6.353281921407984, 6.662147461171799, 6.247643079835598, 6.212198963361743, 6.086165638038551, 5.884727020372111, 6.361171571137447, 6.673665993421878, 6.533846909820568, 5.604460322120872, 5.555357646384323, 5.646570890980456, 5.726736285364154, 5.731585151204968, 5.971737129179587, 5.359083164131221, 5.7191827892003175, 5.648028091654282, 6.03288301689588, 5.766841292191998, 5.639052756226761, 5.251698495501046, 5.773768339951971, 6.293425461294987, 6.075871445747339, 5.902882105076969, 5.328656159687625, 5.230028783134912, 5.515024861812435, 5.28692552615405, 5.500542238956314, 4.847262917195394, 5.012096948044359, 5.3489408321607925, 4.969195693571123, 4.776769776616561, 5.350502049037345, 5.106314414843268, 5.118297742586492, 5.20709566033338, 4.67802862176768, 5.397614957013502, 4.971027810719647, 4.6820361461036555, 5.197990666500459, 5.156949591405805, 4.891696893357448, 5.034480723623574, 5.1725322886291, 4.627831182203295, 5.054247765694413, 4.5425621816176545, 4.324221305252877, 4.464718566381748, 3.7599352029386637, 4.671628486523787, 4.676934482046363, 4.186929234223157, 4.804004148161539, 3.738510574714951, 4.279887613272649, 3.800623543350298, 3.9644673929898318, 4.19649563077985, 3.838431461096775, 4.022928302529294, 3.093867357133604, 4.060066579001273, 3.9765467209325607, 3.7227799559651658, 3.307612516861468, 3.5075657624264522, 3.248053293163707, 3.5536913368869136, 3.1881912721211165, 2.76655627888249, 2.76470342419384, 2.702870842304378, 2.441516675127673, 2.577560011638525, 1.4258933325475027, 1.7232875749090226, 2.6378447486179084, 1.4971718913184304, 1.6704025195716667, 1.3258763446153807, 1.5507463873424285, 1.881043037065524, 1.4556096309012219, 1.191896500296366, 0.9522171344372055, 1.3719334810654118, 0.8634392277214147, 0.7631799819732805, 0.572789482398548, 0.869817081743804, 0.7395807944957369, 0.8576232227740093, 1.0427907659941411, 0.6769870031307619, 0.538832323644101, 0.611181994574963, -0.4569337641947868, -0.5662808332804161, -0.5015413761642549, -0.2625754808336751, 0.3014767824115552, -0.5055236780075347, -0.7108190552149836, -0.05036425215644158, -0.7929089423328151, -0.8828403324509964, -0.9057165280894424, -1.3469691774268995, -0.5365171659010457, -0.3527119016234792, -0.276379457699818, -0.10342558407035085, -0.41539353011910407, -0.25910244121132564, -0.4684467697580885, -0.7489953804613378, -1.0316763654843726, -0.6116519097867013, -0.2597176889906905, -0.32539360763462355, -0.6754549949254169, -0.930605236888141, -0.22043432432064947, -0.7137168420388207, -0.3378469125201491, -0.6160350569203956, -0.3524867155767879, -0.2372001680696485, 0.18205186784291527, -0.26211019744926034, -0.367708532694337, -0.4627430876195149, -0.13328304940284852, -0.17092883430734673, -0.23142022589013322, -0.10333322865039918, -0.2900646750481428, -0.3914302139672827, -0.5592620213764121, 0.13217103097849758, -0.31258122321446535, -0.3645518046474763, -0.14826118659777876, -0.10234612966780787, -0.21100235056417205, -0.12574755812534022, 0.31073103968208216, -0.3443031368647098, -0.1388614666096828, -0.42274133395551416, -0.30244175986933897, 0.4466011334130826, 0.5214550297361029, 0.3303645881095463, 0.10852415872318488, 0.13231652827823837, -0.18629956760639743, 