{"N": 750, "y": [0.04466051632584822, 0.11923357091836806, -0.02133301185324399, -0.1461706315610627, -0.40110993046630483, -0.4951897911313381, 0.25047379930458646, 0.10642135461375801, -0.7963152525278474, -0.5247700743869927, -1.0949536716902912, -0.58025447731859, -0.2830177612815987, 0.002606681902989294, -0.9801931878491814, -1.1291235199098537, -0.642943619621974, -0.8207955695812643, -0.14874724922640326, -0.24736746769201545, -0.5759028705430183, -0.33041284121168246, 0.10705446926851891, -0.15626847238388564, 0.37056151646197577, -0.10901058552826726, 0.0015269721386630408, -0.023639058590219975, 0.07991269889862451, -0.5857637215738123, -0.6950810810598114, -0.20931966141677094, -0.3617777915399074, -0.6169212850209078, 0.19554380151566875, -0.2828796555465942, 0.0319742870956361, -0.02445043764089405, -0.07777808604953407, -0.08925084924840121, 0.22920726036772976, 0.8663781952600402, 0.4163076889050217, 0.2509412554818482, -0.33298708533470744, 0.35733692874214285, 0.9549906500852785, 0.2957963745550387, 0.7202529741048238, 0.6815028275158284, 1.1653127088330848, 1.141132278636178, 0.8940911234089981, 0.7224194842957559, 0.3884619168568406, 0.2798611485228548, 0.5045716705320729, 0.48250324444256876, 0.2576165655195837, 0.8466486804202304, 1.1496183794753279, 1.2696758522573646, 0.4895539859510336, 0.6816965383482056, -0.08003573300732114, -0.3789354228249522, 0.6247571621480574, 0.8704526258821943, -0.011955759123566168, -0.270253982255781, 0.35957213897984275, 0.7848527002315677, 0.8113613913786821, 0.08963109166893446, -0.107319884499816, -0.0763922182098895, -0.017769562425201002, 0.863898599285676, 0.06889990849151673, -0.2346053016379983, 0.07838315355184022, 0.3196738209273917, 0.311914089340803, -0.41807089124267804, 0.06080836446642479, -0.040670676199852096, -0.285944669150922, 0.49430732448126946, 0.20351567874763532, -0.32134808439025164, 0.3277537489009319, 0.22067724202952377, 0.3222245600702536, 0.2948717224581969, 0.45853770206656463, 0.31268519157936225, 0.28009307165018527, 0.3448351656149953, -0.1239166841982069, -0.1771638363884449, -0.3223603866473468, -0.064308528053175, -0.5552717982693594, -0.6421521953592446, 0.22392895132793456, -0.2776064059237342, -1.3442334591383087, -0.5874178901240157, -0.557975178484412, -0.14124389722383057, -0.9427725510937535, -0.8295586761670393, -1.140020836416852, -0.4739323417184096, -0.6286800025937964, -0.21182073407328517, -0.5702752931206305, -1.5297967397533512, -0.2683081451717726, -0.6204733774691249, -0.6225673094265858, -0.6984764061404576, -0.907048378681452, -1.0998325370095472, -1.1790542926803482, -0.6441955852386627, -0.6626149653027369, -0.5034231009902896, -1.009207487317326, -1.3221446992345136, -0.8748787811633747, -0.14269295150211292, -1.0778647670103965, -0.9400435120002157, -0.7377014717296788, -1.0796313826396045, -0.9526257747824047, -0.20367134501998407, -0.5220866212075634, -0.8816081210482025, -0.09215415167454921, -0.9667369633463068, -0.014665420416577035, -0.13251178682799036, 0.016939020629820334, 0.0762455291404649, -0.3402804988813841, -0.7322396468520083, -0.35082677962805064, -0.5184196105094543, -0.2886024511708456, 0.8367504804057262, -0.08572936623363603, 0.3741096955610601, 0.2136966827994229, -0.5572230021077758, -0.04210930857902895, 0.545778693266243, 0.1889273493654855, 0.37590244851162424, 0.6176602556586204, 0.7009628128109853, 0.7557244078433314, 1.29945918232238, 0.824452602288261, 0.2620912878865056, 0.8320486985734306, 1.2821711822490443, 1.2925130799083036, 1.5555597076380536, 0.8960092605345835, 1.2522645029791875, 0.5973486439340832, 0.7709129882787238, 0.6724160762183828, 1.1195814870588947, 0.6987585334848063, 0.3298615167400385, 0.4627449230882803, 1.2736186768788684, 0.4262609760929763, 0.8080469448792655, 0.7008809744381779, 0.9896949952093337, 1.0273904910504825, 0.2796304024076335, 0.8240773962104413, 1.2427008801059856, 0.5336780938351922, 0.3164551784670948, 0.44076848991221595, 0.5182644642932246, 0.16504362665921235, 0.6473107755683714, 0.8972995981492886, 0.3476170784357464, -0.023570231203734693, 0.0929835351643078, 0.14839039023445366, 0.32332762749058475, 0.20925825810218157, 0.13868962011417807, -0.07035938091860316, 0.4673102381636909, 0.4561428699606722, 0.45520173897500626, 0.852778705795572, -0.041648485852647354, 0.16466112586374493, -0.23745567128344192, -0.3098997543187352, -0.31550977392271307, 0.18073725438875954, -0.09463712969466087, 0.09456337010908555, -0.3848940608047542, -0.49357799148469894, 0.08558800188347959, 0.3506780337896771, -0.6561101884519758, -0.49674605262669047, -0.09716026276930734, 0.06466753235122269, -0.9124996573821136, -0.7746912167466462, -0.4123549761632148, -0.381720070153051, -0.9832123907486903, -1.0024414804425987, -1.0039579383675346, -1.1981520050758263, -0.7392789173412666, -0.9522473070855995, -0.9378540400193742, -0.7076042133998044, -1.5697402969212817, -1.2309636541781401, -1.2964476492069252, -1.288080574258629, -1.5005441625000913, -1.1966419059164082, -1.1715447743069944, -1.1685460112454393, -1.4095283069038942, 3.578407462762584, 3.4289128661916948, -0.7581002765538187, -0.5330938739400608, -2.028831509727979, -1.0556811993420752, -1.0153642914724514, -0.9914694545162774, -0.427913954474775, -0.8188327827144803, -0.47462323122761063, -0.3394637318057221, 0.12237030967128248, -0.14048933182107248, -0.39747280714777844, 0.014270054501480445, -1.314936845072225, -0.13812467129537254, -0.4306201247292165, 0.037061512043692346, -0.20386587620748742, -0.20845108156800052, -0.019344961364481605, -0.14306279272409483, 0.4765343118732517, 0.16757229775134874, 0.20231466587654268, 0.5691693648387854, 0.32019354507224307, -0.445133000131932, 1.2678741681036172, 0.9704543180298515, 0.9362231593293018, 0.9735525725103571, 1.2018621106540195, 1.4949337757591366, 2.0252984034278825, 2.6023141872772158, 2.5457387619907195, 2.0296610039602, 3.0317776973016635, 3.6232211330918744, 3.2440917116881565, 3.7249931017746576, 3.6418104832213203, 3.715151118329004, 4.347049268167666, 5.247625467151352, 5.5946151196834535, 5.129505792887699, 5.910935392104875, 5.85214512470975, 6.611617077758979, 6.936358473308246, 6.74791482277908, 6.393334038611329, 9.706957042042859, 9.620748624914313, 10.861432028356376, 10.408344748335026, 11.092921217153389, 11.978171567929621, 12.640315739049242, 12.790372697916268, 13.888164245595021, 15.003770961664372, 14.714659784928017, 15.260506553663163, 15.944600175750452, 16.221711888424238, 16.468510416255413, 16.723714778975705, 17.60762906169566, 17.35991164000825, 17.369214200065926, 17.062564074510078, 17.04745208490317, 17.889327675062304, 18.48326449134379, 18.789535354646205, 18.405639533913813, 18.214873464833886, 16.626050912120718, 17.32477897274498, 16.79175893888123, 16.055326832792275, 16.922459220886708, 16.413950694584287, 15.962420540000835, 15.148900661648554, 14.767691186421985, 15.457752847434335, 14.497258272226645, 13.663708051809408, 13.853048269790861, 14.057179023219078, 13.568468011837695, 13.17612746959469, 11.801443027866753, 12.33294829622082, 11.78208628595985, 11.194241675927742, 10.147103680311261, 10.024433109846996, 9.780342644544021, 8.735686803048452, 5.44417540217205, 4.69457423857682, 5.170030880328454, 4.358961925194649, 3.9744876425147595, 3.5408263714373334, 3.6130293960486597, 3.4491873297628217, 2.9344599853427553, 2.681054154675053, 2.717550226207095, 3.0942547412056456, 2.2340568814100834, 2.044956637064388, 2.524113311348515, 1.5352988449873237, 2.755260113035206, 1.5232538910207722, 2.0132495054920128, 1.6999271546311547, 1.2540415040753032, 1.034092134861453, 1.3605307074975599, 0.7463944225409023, 1.3205111719346405, 0.580387942963057, 0.5112292832817502, 0.9549522288342587, 1.1355342629631195, 0.8004607929408394, 0.5290154743813673, 0.43766932956907567, -0.014028315210453002, 0.2859074087504041, -0.03281408796146934, 0.08968936593055332, 0.13110401400672345, -0.10772408372213249, -0.1293608934806798, 