{"N": 750, "y": [-0.1115634309168172, -0.01314209947247491, -0.14237401040713848, -0.2562657378972517, -0.500644525597636, -0.5845456643503439, 0.17091863778966854, 0.036292855288479586, -0.8573870026215218, -0.5771506815397061, -1.1390042711658452, -0.6163315747498928, -0.31147307982064376, -0.01857365132252653, -0.9944402584355885, -1.1367738440549147, -0.644328377233137, -0.8162404802260426, -0.1385724538370141, -0.2318874160237101, -0.555426214384056, -0.305242333335741, 0.13662207041659258, -0.12259445248889733, 0.4080574483785995, -0.06797100233450237, 0.0458382643528239, 0.02367838571865377, 0.12997718491715204, -0.5332048020949287, -0.6402737842187207, -0.1525034467039177, -0.3031854829010854, -0.5567790373975186, 0.25701653019063997, -0.2202891841360497, 0.09547649979151629, 0.039764263694451074, -0.013043393235648182, -0.02418190515606966, 0.29443146882670135, 0.931585425705407, 0.48133242970482115, 0.3156247070119207, -0.2687970343191637, 0.42088812793247143, 1.0177641728859044, 0.3576599852970048, 0.7810809835790451, 0.7411760460374808, 1.2062157923492123, 1.1799344260654152, 0.930751487398993, 0.7569026399647782, 0.4207377589954149, 0.3099047859466282, 0.5323633176946032, 0.5080281104347932, 0.2808647405724969, 0.8676150200354869, 1.1683023863006383, 1.2860815558394734, 0.5036898204789395, 0.6935752185221418, -0.07039733786382385, -0.37151641628202015, 0.6299815746102695, 0.8735110064765195, -0.011031212138163937, -0.27142756734428986, 0.35633949285954714, 0.7796032989815558, 0.8041406403740439, 0.08048735974034571, -0.11833540157942934, -0.08922563461771915, -0.032364439425577984, 0.8476011160637427, 0.05096095177009374, -0.2541224579564414, 0.05735307577162985, 0.2971979674574641, 0.28806133745115403, -0.44323006834372336, 0.034414696433486824, -0.0682255738834101, -0.31458634135719876, 0.4646543945908661, 0.17292793871342838, -0.35279338610564537, 0.29552880644405377, 0.18775112523508142, 0.28867615532738, 0.2607802122852263, 0.4239824429809005, 0.2777455937788318, 0.24484848059455544, 0.30936474559791804, -0.1595340644071257, -0.21284971574937117, -0.35384318631327005, -0.09498767707316347, -0.585083235210277, -0.6710335721264755, 0.1960381974881784, -0.30444782835161277, -1.36996876176579, -0.6119922673444762, -0.5813358669992112, -0.16334023238187, -0.9635560200288182, -0.8489829677121179, -1.1580418877807688, -0.49050838191828916, -0.643771592633243, -0.2253908038607051, -0.5822891751247425, -1.5402221994041838, -0.27711540799884915, -0.6276351529986641, -0.6280588118337391, -0.7022753716807983, -0.9091350799084239, -1.1001897938022012, -1.177667480100581, -0.6410526382420585, -0.657706380326772, -0.4967419344567361, -1.000749351071704, -1.31190775296227, -0.8628637218196218, -0.12890299979187603, -1.0623056509625712, -0.9227234476809372, -0.7186311411362567, -1.0588239088308455, -0.9300966942898867, -0.17943857759667026, -0.49617043696719065, -0.8540311050546734, -0.0629411660330561, -0.9359151068717892, 0.017736014077854634, -0.09856221611471483, 0.05240318402468347, 0.11318868936689341, -0.30189593845875606, -0.6924532300968167, -0.30967994210902816, -0.4759556220964214, -0.23262625520294478, 0.8931550131645736, -0.028960712597381644, 0.43117768675972457, 0.27099873903318894, -0.4997525641235825, 0.015463495760400292, 0.6033875951937944, 0.2465059055069787, 0.433384119585412, 0.6749784850295555, 0.7580511048211065, 0.8125164058402561, 1.3558887463011615, 0.8804538860729281, 0.317598815774204, 0.8869974413585169, 1.3364966325613068, 1.3461513267819782, 1.6084475102471743, 0.9480841210132667, 1.3034647382661433, 0.6476134565612028, 0.8201825360490602, 0.7206315406968997, 1.1666851408093635, 0.7446938060007824, 0.3745730589989762, 0.5061786706700104, 1.3157219115911403, 0.4669823860485849, 0.8473366829684892, 0.738690715139569, 1.0259779896961163, 1.0621016205333262, 0.31272622967571806, 0.8555162153164702, 1.2724427641593365, 0.5616849408545477, 0.3426907552591274, 0.4651984739358568, 0.5408564834752951, 0.18576729712367523, 0.666137737258282, 0.9142035483010886, 0.36257380288861896, -0.010582828897781837, 0.10398166348795712, 0.15738146201374548, 0.3302960518424243, 0.19359094302376434, 0.12098854660735014, -0.09008031731866595, 0.44558559836434597, 0.43243293817124595, 0.4295271642369016, 0.8251623582776801, -0.07118153355861523, 0.13323863210734999, -0.27073819843872116, -0.3450107688629487, -0.35241562373551005, 0.14207229822591216, -0.1350234178351002, 0.05249553647922767, -0.4286016766272951, -0.5388816866059187, 0.038733830846808814, 0.3023208497663745, -0.7059211057285211, -0.5479596511110003, -0.14972376430512213, 0.01080858417503805, -0.9675979670034849, -0.8309712248610595, -0.469757494595342, -0.44018443949562425, -1.0426765357482282, -1.0628419667403932, -1.0652300305170002, -1.2602297257992632, -0.8020951079536189, -1.0157336890339366, -1.0019412774742023, -0.7722219768368177, -1.634817327632618, -1.296427829649133, -1.3622260493001477, -1.3540995481300797, -1.5667293961992073, -1.262918490586003, -1.2378372749385562, -1.23477853590623, -1.4756245763786637, 3.5125240449826833, 3.363319143635408, -0.8233272838187986, -0.5978770399414088, -2.0930936733013823, -1.1193452348620667, -1.0674391092791211, -1.0420488879616414, -0.4769276640545286, -0.8662114198191375, -0.5202985013720536, -0.3833684568789977, 0.08030213020640531, -0.18065620281902284, -0.4356749034545828, -0.02190515526388026, -1.3490244673140523, -0.17006547108371706, -0.46035638701334847, 0.009585930009961885, -0.22902625852225356, -0.23124341745710808, -0.03971812482313908, -0.16096742481511228, 0.46114575827698445, 0.15474551487955068, 0.19209344967248398, 0.5615955753014532, 0.3153070683617898, -0.44729428779317004, 1.2684739015095374, 0.9738488278991326, 0.9424440939128544, 0.9826294442866583, 1.213822269642037, 1.5098023847803006, 2.043098415343593, 2.623066324215415, 2.5694614965816527, 2.0563705425922763, 3.06148796540856, 3.6559437624893008, 3.27983602995846, 3.763766123711889, 3.6836169043405107, 3.7599933104423826, 4.394927277027136, 5.298537012163024, 5.648555595681273, 5.1864682739657155, 5.970910637508268, 5.915121586766759, 6.677580911846462, 7.005293549842349, 6.819802741211447, 6.468154143421202, 9.8218191910413, 9.737926230670496, 10.980870367331704, 10.529987442536935, 11.216710282777285, 12.104047465348458, 12.768217424090153, 12.920237674378313, 14.019928618967583, 15.137369493982646, 14.85002595072558, 15.397572596960117, 16.08329716803314, 16.361969787559588, 16.61025812627588, 16.866880210697786, 17.752139194097595, 17.50569258232599, 17.516191254535215, 17.210661799712852, 17.196594359647975, 18.03943776274309, 18.63426510472243, 18.941348720998917, 18.558187460476233, 18.36807740449217, 16.779832029284762, 17.479058209349205, 16.946457080445043, 16.210364574492928, 17.0777572335694, 16.56942969066415, 16.118001339188822, 15.304504256449832, 14.923238807339885, 15.61316602782722, 14.65245891276004, 13.818618484441686, 14.007591321242558, 14.21127807785956, 13.722047073948147, 13.329111224937037, 11.953756904512943, 12.48451852458902, 11.93283995800391, 11.344106803423529, 10.296009252198132, 10.1723091485635, 9.927120261320624, 8.881298252099214, 5.572865270642524, 4.821392177031271, 5.294928354380886, 4.48189216298897, 4.0954056675417405, 3.6596890336639945, 3.7297954013322396, 3.563817267522495, 3.0469163544784124, 2.7913013876931245, 2.825554711559562, 3.199984843808693, 2.3374829613300108, 2.146051066363043, 2.6228504890761997, 1.631655210305098, 2.849214156467383, 1.6147861638324912, 2.1023426271750623, 1.7865658185112352, 1.3382124810243567, 1.115784275130295, 1.4397349406568765, 0.8231037555514149, 1.3947206853285934, 0.6520947851963683, 0.5804326631467802, 1.0216534061059974, 1.1997365371777278, 0.8621694903609978, 0.5882379331534366, 0.49441488309275883, 0.04025164332620079, 0.3377350392806875, 0.016576416389284532, 0.13665985721286233, 0.175673491373459, -0.06553476197109376, -0.0895290384070222, 0.05937051140131189, 