{"T": 750, "y": [663.3654281683079, 662.9354128754923, 663.1128279551668, 662.7272934955599, 663.2648882008808, 663.3409978009524, 662.9276210642431, 662.9645783062409, 662.9936134008861, 662.8191105515934, 662.9104283511549, 663.4852608229246, 663.288591471213, 662.9950966713282, 663.0493122571144, 663.1616864628276, 663.3334879072198, 662.9108666304859, 663.177163736331, 663.237344001176, 663.3643148554651, 663.4755008178871, 662.5555265976308, 663.1082457868458, 662.9020229076633, 663.1060014494508, 662.9525090144376, 663.4370512246095, 662.7491253157237, 662.8142456828336, 663.0157164133253, 662.4163973765775, 662.6465231627478, 662.444388702297, 662.6647982173749, 662.8150368502372, 662.634664719558, 662.6307312774052, 662.6518618276682, 662.3412290376066, 662.2530200415744, 662.3623604852297, 661.8553237957328, 662.1879709564519, 662.2678693331148, 661.963426765324, 661.382121107555, 661.7051729426524, 661.2137523438893, 662.6295792968206, 661.519259310731, 661.7779545395515, 661.5384543516865, 661.3700238582571, 661.4522435116276, 661.3619352239634, 661.5295763637538, 661.096748898558, 661.5102995185256, 660.5320149597883, 659.8034000878663, 660.9273790326254, 660.121594130255, 660.2727366048709, 660.7765770621286, 660.6296168856908, 660.2040987353458, 660.0308534348621, 661.1413214172265, 661.0626287065411, 660.8447448265233, 660.7876478215815, 660.6853065109074, 660.4877619541829, 660.5609853287572, 660.4937946978845, 659.8799525661426, 660.138740164139, 659.8404495876945, 659.6620380234102, 660.3142836012618, 660.1773195547335, 660.0545498718728, 660.1997511690993, 660.249006655151, 660.6071347593102, 660.5327586896498, 660.1080336329314, 660.219555183846, 660.1376209425231, 660.0912696953438, 659.6630354875186, 659.6484448344802, 660.1499856210166, 660.6896168845466, 660.439510419447, 660.1021698209721, 660.3827453636018, 660.3733040254409, 660.5061580364543, 717.0496786972698, 718.5757634712901, 737.1730509751677, 768.9097144543067, 785.378913265194, 804.8765615230498, 812.3648190882125, 930.8288445880103, 1107.2037434066585, 1025.4509225468971, 698.3357957497825, 662.5638664486532, 662.4092425650531, 663.6695568476471, 664.948921888746, 664.4493217808853, 664.4254137540712, 660.1422418438984, 659.6931996921611, 660.2868270231586, 659.7651268712071, 660.5774621558096, 660.1253776634783, 659.6781839519057, 660.0694923688852, 659.751332710665, 659.160556605879, 659.7236407734027, 659.0132137991309, 659.5494358723467, 659.7497514461028, 660.0015428060912, 659.724007617466, 660.093763491294, 659.668540041232, 659.6313677784457, 659.6529006646621, 659.9302811875068, 659.4313344922945, 660.1094134271298, 659.7685419600707, 659.8695940000005, 659.6410638119168, 659.5064790360535, 659.1660417094023, 659.1516761156495, 659.1669837875542, 659.1912249549024, 659.6924326244825, 659.5641852587985, 659.1360431525728, 658.7570792574961, 659.1483118928924, 659.0919480332589, 659.1514623960398, 658.888502072779, 658.6909694253777, 658.7643484412399, 658.4500870289498, 658.5214904012495, 658.6766029042188, 658.5447522897973, 658.4987448745428, 658.7404480924623, 658.9532316429736, 659.2010440781457, 658.8281676811877, 658.7165140119024, 658.2033838673913, 658.647789618879, 659.129838079869, 658.9337438506545, 658.5081324577199, 658.141972165363, 658.7844094628543, 658.9153361148542, 658.8631785707519, 658.5356460752789, 658.9194706544675, 659.4580279010488, 659.3824480912227, 659.084445212668, 658.737898256101, 658.7057372415902, 659.1792962079023, 658.7184528092663, 658.8940569943618, 659.1578763045046, 658.5021077128794, 659.1658771757745, 658.6472057263487, 658.7353688305823, 659.024862228325, 659.4819814521268, 659.0830739329806, 659.1665581415403, 659.322219014741, 658.9039304888661, 659.1033847980618, 659.7966039946451, 663.3918624234183, 660.5867861788777, 659.5740783438021, 660.8269198366239, 663.8115436868288, 663.1908231866454, 660.8720107835857, 660.0670828397703, 660.1734462806138, 660.8163199599593, 660.7650608502527, 661.2302356809126, 660.1556935690232, 660.2130176179434, 660.415349133313, 660.6391597458187, 661.4475107327823, 663.4947543042313, 665.0810214203243, 662.7302267586955, 659.9087561334741, 662.589054329219, 664.6930287679423, 665.4341738061285, 665.395369223065, 664.6907381203125, 665.2405424071301, 664.7452777096601, 665.2519279749582, 663.5455906597933, 661.5165792596217, 660.7768571583663, 661.0392633525472, 660.5373493038178, 660.5283296968532, 661.4945755493309, 661.287196020249, 660.451940261098, 660.6803821965792, 660.8906175175443, 660.4934901339444, 661.2295112074084, 660.5222935586411, 660.5153381243807, 660.2208691285286, 660.4655754172148, 660.9823548380734, 660.3027082620812, 660.3032841632186, 660.6121497029824, 660.1976453216462, 660.1622012051723, 660.0361678798491, 659.8347292621827, 660.311173812948, 660.6236682352325, 660.4838491516311, 659.5544625639315, 659.5053598881949, 659.596573132791, 659.6767385271747, 659.6815873930155, 659.9217393709902, 659.3090854059418, 659.6691850310109, 659.5980303334649, 659.9828852587065, 659.7168435340026, 659.5890549980373, 659.2017007373116, 659.7237705817626, 660.2434277031056, 660.0258736875579, 659.8528843468875, 659.2786584014982, 659.1800310249455, 659.465027103623, 659.2369277679646, 659.4505444807669, 658.797265159006, 658.9620991898549, 659.2989430739714, 658.9191979353817, 658.7267720184271, 659.3005042908479, 659.0563166566538, 659.0682999843971, 659.157097902144, 658.6280308635783, 659.3476171988241, 658.9210300525302, 658.6320383879142, 659.147992908311, 659.1069518332164, 658.841699135168, 658.9844829654342, 659.1225345304397, 658.5778334240139, 659.004250007505, 658.4925644234282, 658.2742235470635, 658.4147208081923, 657.7099374447492, 658.6216307283344, 658.6269367238569, 658.1369314760337, 658.7540063899721, 657.6885128165255, 658.2298898550832, 657.7506257851609, 657.9144696348004, 658.1464978725904, 657.7884337029074, 657.9729305443399, 657.0438695989442, 658.0100688208119, 657.9265489627431, 657.6727821977757, 657.257614758672, 657.457568004237, 657.1980555349743, 657.5036935786975, 657.1381935139317, 656.7165585206931, 656.7147056660044, 656.652873084115, 656.3915189169383, 656.5275622534491, 655.3758955743581, 655.6732898167196, 656.5878469904285, 655.447174133129, 655.6204047613822, 655.275878586426, 655.500748629153, 655.8310452788761, 655.4056118727118, 655.141898742107, 654.9022193762478, 655.321935722876, 654.813441469532, 654.7131822237839, 654.5227917242091, 654.8198193235544, 654.6895830363063, 654.8076254645846, 654.9927930078047, 654.6269892449413, 654.4888345654547, 654.5611842363855, 653.4930684776158, 653.3837214085302, 653.4484608656463, 653.6874267609769, 654.2514790242221, 653.444478563803, 653.2391831865956, 653.8996379896541, 653.1570932994778, 653.0671619093596, 653.0442857137211, 652.6030330643837, 653.4134850759095, 653.5972903401871, 653.6736227841108, 653.8465766577402, 653.5346087116915, 653.6908998005993, 653.4815554720525, 653.2010068613492, 652.9183258763262, 653.3383503320239, 653.6902845528199, 653.624608634176, 653.2745472468852, 653.0193970049224, 653.7295679174899, 653.2362853997718, 653.6121553292904, 653.3339671848902, 653.5975155262338, 653.7128020737409, 654.1320541096535, 653.6878920443613, 653.5822937091162, 653.4872591541911, 653.8167191924077, 653.7790734075032, 653.7185820159204, 653.8466690131602, 653.6599375667624, 653.5585720278433, 653.3907402204342, 654.0821732727891, 653.6374210185961, 653.5854504371631, 653.8017410552128, 653.8476561121428, 653.7389998912464, 653.8242546836852, 654.2607332814927, 653.6056991049459, 653.8111407752009, 653.5272609078551, 653.6475604819412, 654.3966033752237, 654.4714572715467, 654.2803668299201, 654.0585264005338, 654.0823187700888, 653.7637026742042, 653.3973119178447, 654.4800232668177, 653.924265023141, 653.7863143187309, 653.6587017102737, 653.8491553452386, 653.7580067969405, 654.2653476554151, 654.1110078806332, 654.2855956026523, 653.7864851899894, 