{"T": 53, "y": [1462.6139287788094, 1371.8661939287317, 990.2143589879479, 827.7790352658877, 813.133287232873, 650.460695381978, 409.04423511660184, 263.33035234665783, 224.730523220459, 211.8343150848072, 202.25154291921962, 0.16709825447878118, 202.01379555617845, 205.6316360219731, 211.58520513376604, 215.37090711600618, 214.22631799446046, 209.94820554837685, 205.61934374935552, 203.0184766580664, 202.0211441932159, 201.90213821122896, 201.55327324554196, 201.14168249216763, 0.023301291953242934, -0.38053984383063016, -0.27074710479158254, -0.3016679858377083, -0.35389770422668543, -0.3579976788679876, -0.15281273819297442, -0.14295245433717513, -0.10008072004986268, 0.016828802879042495, -0.10627778997567905, -0.00040541214662789165, 0.1692667216816457, 0.15181925810385807, 0.1297800106546783, 0.12768715830423075, 0.019542829180208818, -0.0020351835832025144, 0.10526635035151641, 0.14728963134223055, 0.010789805460917422, 1.1193612114315685, 1.1297783459846056, 1.2487626959484663, 1.3405274377854148, 1.3155518977913372, 200.75016301174847, 200.7168011356816, 1.421252885257023], "mu0_clean": 0, "sigma0_clean": 1}