{"T": 848, "y": [-0.23089636852791026, -0.16967677940791454, -0.07799155654101561, -0.03237772419089683, -0.03099147867313787, -0.0874828617408101, -0.08227021831343076, 0.1170372650462811, 0.060592093086964526, -0.0037651611757830773, -0.0684933336703108, 0.042978089141013316, -0.040767268730751864, -0.001102848932317512, 0.03277984864341948, 0.19319116550870105, 0.052167746191250246, -0.04692117687449991, 0.02135302761689136, 0.030321806202099653, 0.06147530250648997, 0.03467660256683789, -0.08030759022156216, 0.029692889188184562, 0.1134992793295541, 0.10332090564771462, 0.08554338353158827, 0.1165880621014135, 0.1149448571726455, 0.023397731459089584, 0.03858879753476522, 0.11457660584679928, 0.10382839806412401, 0.005129002958024844, 0.0354019989134657, -0.0007202745785295948, 0.14948763023014805, 0.2364403895234115, 0.005019263580172439, -0.00928696838455752, -0.03315013869880767, -0.040571576795613296, 0.029565363225143106, -0.04523980628860109, -0.01991859595619905, -0.27779442948461075, -0.04628919001726092, -0.016273381031958637, -0.10731448813397305, -0.1603238145328132, -0.025423029379400667, -0.1205249646225518, 85.3628200257063, 189.8733575182234, 189.76942656044943, 189.96293095848273, 85.67222743564805, 85.57215499970924, 85.51519729889732, 189.75435324471994, 85.50108831138586, 85.52874210597992, 85.64118813054077, 0.4106907747439943, 85.48783971857185, 0.33591012287721045, 0.23358488626792204, 0.1758081923839484, 0.16036980136797424, 0.18811830906527197, 0.24830376714247815, 0.2601049139119558, 0.22872581105451295, 0.16971075866715563, 0.07989646603216423, 0.23838216885727662, 0.12163202979320734, -0.09558300393154026, 0.06550042135525251, 0.10438756237655059, -0.07643106141415097, -0.10317813785502951, -0.03935656811991905, -0.108205459293653, -0.05015418094522522, -0.18452260107924442, -0.12158284853339893, -0.17195512589141237, -0.11127147086887555, 0.03711406411213899, -0.07347253452837683, -0.24004486658723742, -0.2326858718477001, -0.2995154709344752, -0.3147990725470303, -0.16544260197003038, -0.20320429465976295, -0.20569180517990576, 104.96278258564264, -0.38647833924421865, 188.8617374823057, -0.3131528318338375, -0.23798220515364477, -0.2673957761277459, 188.75858432916692, 104.81706955604207, 0.14584303088269357, 84.77729900857884, 84.89562271726226, 0.12606261623999174, -0.053770547623493224, 0.02009507571004213, 0.18857888621076094, 0.10411256993552413, -0.01072755450803041, 0.028512172549076596, 0.023009046204037802, 0.19378637100824997, 0.24384909067441982, 0.250602949946784, 0.1807849553978567, 0.21638677458526576, 0.0809891188388318, 0.14857425422362464, 0.04783600298068039, 0.02740544938185183, 0.13838606745240636, 0.12808523192705612, 0.005469197391892314, 0.0025810559196211154, -0.08820492750731349, -0.29024946403816954, 104.65308194815726, 104.5574976644919, 104.62350193519931, 104.62837667134582, 104.54785361646633, 104.48609282882668, 104.47903270320487, 104.38646614830668, 104.4676946880579, 104.48984277533049, 104.58545184302514, 104.63848466095317, 104.59732638411587, 104.50220265528229, 104.59311642677996, 104.77876985377333, 105.01068447207636, 105.50891943170085, 106.345173747771, 107.45833597354003, 108.61676558245897, 192.96093375693124, 109.50104359638323, 191.61852526546838, 106.25989336946023, -0.08238140913226767, 191.51705013149106, 928.8317379514701, 830.8937526555738, 594.8100702401625, 444.73343520538214, 432.90993244633086, 358.8928343707199, 230.94135455398072, 143.34635675162744, 116.75448210622707, 109.97696856380091, 105.49331548242111, 0.12418757716607512, 105.51663949672225, 107.2814030333513, 110.46641221858728, 112.91821151952979, 112.53237363333855, 110.18936125006597, 107.70681557114177, 106.06803420164835, 105.36279644773705, 105.11148178295241, 104.9572437755709, 104.73722786506956, -0.21137284868157272, -0.25952585629563657, -0.16530744235599787, -0.22492151226868026, -0.20335070157161925, -0.26344814494570773, -0.12879984669149355, -0.0948144943840336, -0.08284538197841816, -0.028643721348528852, 0.004804767288995339, 0.17993283712462074, 0.2724690110303797, 0.21007659161052658, 0.10889901280126783, 0.23494400355956174, 0.10348270810577814, 0.12677227894198975, 0.07370476508072757, 0.1891803846287247, 0.10657898798460132, 84.71105287242315, 84.74699977813735, 84.81641976368424, 84.86065359661487, 84.83508991277547, 188.56449544671815, 188.64756447643705, 88.07599547882234, 84.72198848693648, -0.21867949774541004, -0.26205510126813414, -0.09134451906753836, -0.1900541504627178, -0.3441417869967041, -0.12660256580026866, -0.10092141546006535, -0.1206779745130318, -0.18019464773902555, -0.17205574342215696, -0.05271477159612793, -0.12325788108955044, -0.058729103802526175, -0.12401141258024899, -0.01724575389284749, 0.05280430147914017, -0.10323375255488565, -0.10582542882076532, 0.027040927256153716, 0.03366847573159034, 0.04351254454308084, -0.0071920883848098, -0.09196603421935287, -0.11353288596961286, -0.04016687912432829, 0.2396909459673461, 0.06408041845524091, -0.06888096910996074, 0.12197925900289572, 0.08611339292532909, -0.021936815193986284, 0.0862167067232358, -0.0006948632272996396, 0.017871284490953154, 0.031170968514809893, 0.28540336152254536, 0.1492172202208373, 0.13080300580224674, 0.08512840579154843, 0.09930304715737459, 0.11997471942590497, 0.09946226160284023, 0.01589925283929481, 0.0992031257368426, 0.117406677102847, 0.10333341612470899, 0.06780789865808318, 0.2447761369933287, 0.17081722075361402, 0.08631539612380151, 0.09497417570469789, 88.00194899710628, 0.2757630856076074, 0.20161120810881253, 0.09630830955782874, 0.22463765955846712, 0.14296354171998263, 0.14574197500192929, 0.2873438108990115, 0.3202544057176236, 0.3160699748430821, 0.06652879734267066, 0.06711655852870436, 0.2037886381870312, 0.19060056721013885, 0.26158300327427053, 0.19078405687496652, 0.14835316757545342, -0.0012791712907122615, 0.08813284723921498, 0.039204811384505656, 0.13581082507814266, 0.1092415469939136, -0.004617250722230373, 0.0015406568839487075, -0.016520870919535174, -0.10259666539680667, -0.026205446808381414, -0.013913851768958919, -0.019696682418278426, 0.006852597750545415, -0.02601655676214336, -0.05319848464544721, -0.02879894491635668, -0.13800593698947214, -0.15591920014982263, -0.061480680788575624, 0.03810902594817983, -0.16163538641949096, -0.28708894209389324, -0.121705314955253, -0.20903439968650112, -0.27336779039253495, -0.14697694934281008, -0.2005930383207482, -0.2781864735212785, -0.2003644046499066, -0.1792696685852726, -0.07519525324659763, 84.91854482826523, -0.13076717474583927, 84.59795779840245, -0.2827772573536705, 84.79661878552594, 84.70240567828856, 188.34443755528235, 104.81467030769599, 0.2941760987037523, 0.2943878141470316, 84.81816518427507, 0.14571993417980508, 84.96417592871964, 0.21666028083907626, 0.075632186685409, 0.15127510904659883, 0.19828672530920738, 0.06675336820718371, 0.1830831149422522, 0.23094170087163304, 0.11969586915111953, 0.05458948823263641, 0.029208753006956942, 0.08993296819802263, 0.15077193829085792, -0.006110134155399258, 0.17235089114231608, -0.051065291579771244, 0.02882153118566118, -0.10049221216798511, 0.056518583720764175, 0.1060355010816558, -0.04668524381237425, -0.039068924669806396, -0.18218936403454794, -0.03611747009617379, 0.10039211208481469, -0.2027059660356448, -0.09070955883645287, 0.005874706454255676, -0.015450179530840654, 0.05789609685540316, 0.03661250534978473, -0.06524617230181089, -0.21479523903050024, -0.16852581097789002, -0.1387991596758074, -0.19064644007064246, -0.1407118278056117, -0.1360893830639718, -0.09360978347390522, -0.10776987853818554, -0.21327996392491314, -0.21850689617749522, -0.25592790916532343, -0.16018264712015878, -0.07680792783020404, -0.2097380005149591, -0.13048196321741148, -0.006043916445474058, 0.0030888678953260593, 0.08408474532322993, 0.03499702942991137, -0.0043811242274140886, -0.08914866010158598, 0.03989094026938976, 0.0434914502286307, 